Question,Answer,Type,Evidence URLs
"Who is the artist that has a fully booked Eras Tour for the next year, has been invited and accepted to attend a game at Arrowhead Stadium, maintains privacy from the paparazzi despite public outings, and is openly in a relationship with Travis Kelce, as reported by 'The Independent - Life and Style'?",Taylor Swift,inference_query,https://www.independent.co.uk/life-style/travis-kelce-taylor-swift-children-b2438558.html; https://www.independent.co.uk/life-style/taylor-swift-travis-kelce-tweets-b2453410.html; https://www.independent.co.uk/life-style/taylor-swift-travis-kelce-relationship-b2459441.html; https://www.independent.co.uk/life-style/taylor-swift-time-person-of-the-year-b2459419.html
"Which person, who has been open about her relationship with Travis Kelce and was spotted at Arrowhead Stadium, has a tour booked for the next year and has stated that paparazzi attention does not affect her, as reported by 'The Independent - Life and Style' and 'The Age'?",Taylor Swift,inference_query,https://www.independent.co.uk/life-style/travis-kelce-taylor-swift-children-b2438558.html; https://www.theage.com.au/culture/music/when-pop-culture-and-sport-collide-a-timeline-of-taylor-swift-s-nfl-takeover-20230926-p5e7lu.html?ref=rss&utm_medium=rss&utm_source=rss_culture; https://www.independent.co.uk/life-style/taylor-swift-travis-kelce-relationship-b2459441.html; https://www.independent.co.uk/life-style/taylor-swift-time-person-of-the-year-b2459419.html
"What company, known for its significant presence in the e-reader space through its Kindle lineup as mentioned by The Verge, also offers life-changing selling opportunities according to Cnbc | World Business News Leader, and was the focus of a Cyber Monday sale with deals reported by Mashable?",Amazon,inference_query,https://mashable.com/article/cyber-monday-deals-amazon-2023; https://www.theverge.com/21539047/best-amazon-kindle-deals; https://www.cnbc.com/2023/10/06/amazon-sellers-sound-off-on-the-ftcs-long-overdue-antitrust-case.html
"Which pop star, recognized by Time as Person of the Year, was seen supporting a football team at Arrowhead Stadium where she was personally invited by a player who also made her a friendship bracelet with his number on it, as reported by 'The Age', 'The Independent - Life and Style', and 'CBSSports.com'?",Taylor Swift,inference_query,https://www.theage.com.au/culture/music/when-pop-culture-and-sport-collide-a-timeline-of-taylor-swift-s-nfl-takeover-20230926-p5e7lu.html?ref=rss&utm_medium=rss&utm_source=rss_culture; https://www.independent.co.uk/life-style/taylor-swift-travis-kelce-tweets-b2453410.html; https://www.cbssports.com/nfl/news/taylor-swift-travis-kelce-timeline-everything-to-know-about-rumored-romance-between-pop-star-chiefs-te/; https://www.independent.co.uk/life-style/taylor-swift-time-person-of-the-year-b2459419.html
"Who, according to articles from 'The Independent - Life and Style', has openly discussed her relationship with Travis Kelce, remains unaffected by paparazzi during her outings, and has committed to a year-long tour that she insists on not canceling?",Taylor Swift,inference_query,https://www.independent.co.uk/life-style/taylor-swift-travis-kelce-relationship-b2459441.html; https://www.independent.co.uk/life-style/travis-kelce-taylor-swift-children-b2438558.html; https://www.independent.co.uk/life-style/taylor-swift-time-person-of-the-year-b2459419.html
"Which individual, recognized by 'The Independent - Life and Style' as Time's Person of the Year, has not only performed at a venue reported by 'CBSSports.com' but was also observed supporting at the same location according to 'The Age'?",Taylor Swift,inference_query,https://www.theage.com.au/culture/music/when-pop-culture-and-sport-collide-a-timeline-of-taylor-swift-s-nfl-takeover-20230926-p5e7lu.html?ref=rss&utm_medium=rss&utm_source=rss_culture; https://www.cbssports.com/nfl/news/taylor-swift-travis-kelce-timeline-everything-to-know-about-rumored-romance-between-pop-star-chiefs-te/; https://www.independent.co.uk/life-style/taylor-swift-time-person-of-the-year-b2459419.html
"Which company, known for dominating the e-reader space with its Kindle lineup and for offering a two-pack of USB-C-to-USB-C cables for $15.99, has a history of introducing invite-only deals during Prime Day events and is described by sellers as providing a life-changing opportunity, as reported by Polygon, Wired, The Verge, and Cnbc | World Business News Leader?",Amazon,inference_query,https://www.polygon.com/what-to-buy/23672627/best-power-bank-portable-chargers; https://www.wired.com/story/best-october-prime-day-deals-2023-5/; https://www.theverge.com/21539047/best-amazon-kindle-deals; https://www.cnbc.com/2023/10/06/amazon-sellers-sound-off-on-the-ftcs-long-overdue-antitrust-case.html
"Which celebrity, known for not letting paparazzi affect her and being open about her relationship with Travis Kelce, has both performed and attended a game at Arrowhead Stadium and was intended to receive a friendship bracelet during her concert in Kansas City according to reports by 'The Age', 'CBSSports.com', and 'The Independent - Life and Style'?",Taylor Swift,inference_query,https://www.theage.com.au/culture/music/when-pop-culture-and-sport-collide-a-timeline-of-taylor-swift-s-nfl-takeover-20230926-p5e7lu.html?ref=rss&utm_medium=rss&utm_source=rss_culture; https://www.cbssports.com/nfl/news/taylor-swift-travis-kelce-timeline-everything-to-know-about-rumored-romance-between-pop-star-chiefs-te/; https://www.independent.co.uk/life-style/taylor-swift-travis-kelce-relationship-b2459441.html; https://www.independent.co.uk/life-style/taylor-swift-time-person-of-the-year-b2459419.html
"Who is the NFL player that contributed to his team's Super Bowl victories in 2020 and 2023 and is expected to have a productive game against the Raiders on Christmas Day, as reported by sources 'The Age' and 'Yardbarker'?",Travis Kelce,inference_query,https://www.theage.com.au/culture/music/when-pop-culture-and-sport-collide-a-timeline-of-taylor-swift-s-nfl-takeover-20230926-p5e7lu.html?ref=rss&utm_medium=rss&utm_source=rss_culture; https://www.yardbarker.com/nfl/articles/christmas_day_preview_49ers_ravens_square_off_in_potential_super_bowl_sneak_peek/s1_13132_39720250
"Which public figure, who was recognized by 'The Independent - Life and Style' as Time's Person of the Year and is known for her ability to keep major events private as noted by 'BBC News - Entertainment & Arts', has been the subject of rumors involving a friendship bracelet mentioned in articles from both 'The Age' and 'CBSSports.com'?",Taylor Swift,inference_query,https://www.theage.com.au/culture/music/when-pop-culture-and-sport-collide-a-timeline-of-taylor-swift-s-nfl-takeover-20230926-p5e7lu.html?ref=rss&utm_medium=rss&utm_source=rss_culture; https://www.cbssports.com/nfl/news/taylor-swift-travis-kelce-timeline-everything-to-know-about-rumored-romance-between-pop-star-chiefs-te/; https://www.bbc.co.uk/news/entertainment-arts-66910595?at_medium=RSS&at_campaign=KARANGA; https://www.independent.co.uk/life-style/taylor-swift-time-person-of-the-year-b2459419.html
"Considering the reported details from 'The Independent - Life and Style' regarding Jada Pinkett Smith's memoir, the undisclosed efforts in their relationship, the timeframe of their separation mentioned at the 2022 Academy Awards, and Jada's pre-marital views on divorce, what longstanding Hollywood couple's union embodies these aspects and has faced public scrutiny despite a commitment made before their marriage to remain under the same roof?",Will Smith and Jada Pinkett Smith,inference_query,https://www.independent.co.uk/life-style/will-smith-jada-pinket-marriage-b2432586.html; https://www.independent.co.uk/life-style/will-smith-jada-separation-divorce-b2429576.html; https://www.independent.co.uk/life-style/love-sex/will-smith-jada-pinkett-relationship-timeline-divorce-b2427925.html; https://www.independent.co.uk/life-style/jada-pinkett-will-smith-prenup-b2430529.html
"Which company, featured in articles from Polygon, Wired, and CNBC | World Business News Leader, is not only the platform where a two-pack of USB-C-to-USB-C cables can be purchased for $15.99 but has also created a Prime-themed sale day and is considered to provide a life-changing opportunity for sellers?",Amazon,inference_query,https://www.polygon.com/what-to-buy/23672627/best-power-bank-portable-chargers; https://www.wired.com/story/midweek-deals-october-19-2023/; https://www.cnbc.com/2023/10/06/amazon-sellers-sound-off-on-the-ftcs-long-overdue-antitrust-case.html
"Who is the pop star that has been rumored to be in a relationship with a Chiefs TE, has performed and been seen cheering at Arrowhead Stadium, and is committed to a tour schedule that prevents show cancellations, according to sources like 'The Independent - Life and Style', 'The Age', and 'CBSSports.com'?",Taylor Swift,inference_query,https://www.independent.co.uk/life-style/travis-kelce-taylor-swift-children-b2438558.html; https://www.theage.com.au/culture/music/when-pop-culture-and-sport-collide-a-timeline-of-taylor-swift-s-nfl-takeover-20230926-p5e7lu.html?ref=rss&utm_medium=rss&utm_source=rss_culture; https://www.cbssports.com/nfl/news/taylor-swift-travis-kelce-timeline-everything-to-know-about-rumored-romance-between-pop-star-chiefs-te/; https://www.independent.co.uk/life-style/taylor-swift-time-person-of-the-year-b2459419.html
"Which person, who is the subject of an article in 'The Independent - Life and Style' regarding a rumored relationship and is also mentioned in 'The Age' for receiving a symbolic item during a concert in Kansas City, has a tour scheduled that includes a performance at a venue where she has previously attended a game, as reported by 'CBSSports.com'?",Taylor Swift,inference_query,https://www.independent.co.uk/life-style/travis-kelce-taylor-swift-children-b2438558.html; https://www.theage.com.au/culture/music/when-pop-culture-and-sport-collide-a-timeline-of-taylor-swift-s-nfl-takeover-20230926-p5e7lu.html?ref=rss&utm_medium=rss&utm_source=rss_culture; https://www.cbssports.com/nfl/news/taylor-swift-travis-kelce-timeline-everything-to-know-about-rumored-romance-between-pop-star-chiefs-te/; https://www.independent.co.uk/life-style/taylor-swift-time-person-of-the-year-b2459419.html
"Which two celebrities, whose speculated romantic involvement was suggested by one being seen wearing a themed friendship bracelet and both being spotted at Arrowhead Stadium, with one cheering from the box seats and later seen leaving together, have been featured in articles by 'The Independent - Life and Style' and 'The Age'?",Taylor Swift and Travis Kelce,inference_query,https://www.independent.co.uk/life-style/travis-kelce-taylor-swift-children-b2438558.html; https://www.theage.com.au/culture/music/when-pop-culture-and-sport-collide-a-timeline-of-taylor-swift-s-nfl-takeover-20230926-p5e7lu.html?ref=rss&utm_medium=rss&utm_source=rss_culture; https://www.independent.co.uk/life-style/travis-kelce-taylor-swift-friendship-bracelet-b2419065.html
"Which individual, commended by Kevin Federline for responsibly dealing with her situation according to 'The Independent - Life and Style', also described being ritually tortured by the age of 16 and became public property as reported by 'The Guardian'?",Britney Spears,inference_query,https://www.independent.co.uk/life-style/britney-spears-kevin-federline-relationship-timeline-b2143493.html; https://www.theguardian.com/music/2023/oct/24/britney-spears-memoir-most-shocking-woman-in-me
"Which global music artist, who is Time's Person of the Year according to 'The Independent - Life and Style' and is openly in a relationship with Travis Kelce, is expected not to cancel any shows from her year-long Eras Tour, where she might receive a friendship bracelet during her concert in Kansas City as reported by 'The Age'?",Taylor Swift,inference_query,https://www.independent.co.uk/life-style/travis-kelce-taylor-swift-children-b2438558.html; https://www.theage.com.au/culture/music/when-pop-culture-and-sport-collide-a-timeline-of-taylor-swift-s-nfl-takeover-20230926-p5e7lu.html?ref=rss&utm_medium=rss&utm_source=rss_culture; https://www.independent.co.uk/life-style/taylor-swift-time-person-of-the-year-b2459419.html
"Which company, recently subjected to an antitrust lawsuit that affected its stock value, offers a two-pack of USB-C-to-USB-C cables for purchase, introduced invite-only deals during Prime Day, and provides a platform that sellers describe as life-changing?",Amazon,inference_query,https://www.polygon.com/what-to-buy/23672627/best-power-bank-portable-chargers; https://www.smh.com.au/business/markets/asx-set-to-drop-as-wall-street-s-september-slump-deepens-20230927-p5e7v7.html?ref=rss&utm_medium=rss&utm_source=rss_business; https://www.wired.com/story/best-october-prime-day-deals-2023-5/; https://www.cnbc.com/2023/10/06/amazon-sellers-sound-off-on-the-ftcs-long-overdue-antitrust-case.html
"Which two public figures have been the subject of speculation about a romantic connection, evidenced by one being observed leaving a stadium with the other, mutual career support since the beginning of their relationship, and one wearing a themed friendship bracelet, as reported by sources including 'The Age', 'CBSSports.com', and 'The Independent - Life and Style'?",Taylor Swift and Travis Kelce,inference_query,https://www.theage.com.au/culture/music/when-pop-culture-and-sport-collide-a-timeline-of-taylor-swift-s-nfl-takeover-20230926-p5e7lu.html?ref=rss&utm_medium=rss&utm_source=rss_culture; https://www.cbssports.com/nfl/news/taylor-swift-travis-kelce-timeline-everything-to-know-about-rumored-romance-between-pop-star-chiefs-te/; https://www.independent.co.uk/life-style/taylor-swift-travis-kelce-relationship-b2459441.html; https://www.independent.co.uk/life-style/travis-kelce-taylor-swift-friendship-bracelet-b2419065.html
"What is the platform criticized by Sarah Michelle Gellar for its parental controls and where players can spend money on in-game items, which is also exploring the development of generative AI to create user-like virtual doppelgangers, as reported by 'The Independent - Life and Style' and 'The Verge'?",Roblox,inference_query,https://www.independent.co.uk/life-style/sarah-michelle-gellar-roblox-hacked-b2458897.html; https://www.independent.co.uk/life-style/sarah-michelle-gellar-roblox-hacked-b2458897.html; https://www.theverge.com/23913044/roblox-baszucki-platform-playstation-ai-vr-ar-china-gucci
"What is the name of the platform that is scrutinized for serving content related to eating disorders, as reported by 'The Age', and is also recognized for its strategic focus on music-related services aiming to integrate with the music industry, according to 'Music Business Worldwide'?",TikTok,inference_query,https://www.theage.com.au/lifestyle/life-and-relationships/is-this-worth-it-the-difficult-questions-the-shameless-founders-have-had-to-ask-each-other-20230926-p5e7sv.html?ref=rss&utm_medium=rss&utm_source=rss_lifestyle; https://www.musicbusinessworldwide.com/62-of-tiktok-users-in-the-united-states-pay-for-a-music-streaming-service-report/
"Which individual, who is open about her relationship with Travis Kelce and is capable of experiencing major events without media awareness, has a tour booked for the next year and insists on not letting paparazzi affect her despite the attention her outings receive, as reported by 'The Independent - Life and Style' and 'BBC News - Entertainment & Arts'?",Taylor Swift,inference_query,https://www.independent.co.uk/life-style/travis-kelce-taylor-swift-children-b2438558.html; https://www.bbc.co.uk/news/entertainment-arts-66910595?at_medium=RSS&at_campaign=KARANGA; https://www.independent.co.uk/life-style/taylor-swift-travis-kelce-relationship-b2459441.html; https://www.independent.co.uk/life-style/taylor-swift-time-person-of-the-year-b2459419.html
"Which platform is favored by Keira Megan for fan engagement and authenticity, and has also been in the news on TechCrunch for altering its revenue split to focus more on ad revenue?",Twitch,inference_query,https://www.polygon.com/23923506/sports-streamers-twitch-ufc-nba-nfl-broadcast-rights-streaming; https://techcrunch.com/2023/10/26/twitch-mike-minton-chief-monetization-officer-twitchcon-2023-partner-plus-revenue-split/
"Which two individuals, linked by recent events reported by 'The Age' and 'The Independent - Life and Style', were seen leaving a stadium together and are the subject of dating speculations due to one being spotted cheering on the other from the box seats at Arrowhead Stadium?",Taylor Swift and Travis Kelce,inference_query,https://www.theage.com.au/culture/music/when-pop-culture-and-sport-collide-a-timeline-of-taylor-swift-s-nfl-takeover-20230926-p5e7lu.html?ref=rss&utm_medium=rss&utm_source=rss_culture; https://www.independent.co.uk/life-style/travis-kelce-taylor-swift-friendship-bracelet-b2419065.html
"Which pop star, who became public property by the age of 16 according to The Guardian, was commended by Kevin Federline for responsibly dealing with her situation as reported by The Independent - Life and Style, and was also claimed by Jason Alexander to be his first and only wife in addition to being forced to take lithium against her will?",Britney Spears,inference_query,https://www.independent.co.uk/life-style/justin-timberlake-sam-asghari-britney-spears-b2431507.html; https://www.independent.co.uk/life-style/justin-timberlake-sam-asghari-britney-spears-b2431507.html; https://www.independent.co.uk/life-style/britney-spears-kevin-federline-relationship-timeline-b2143493.html; https://www.theguardian.com/music/2023/oct/24/britney-spears-memoir-most-shocking-woman-in-me
"Which pop star, who became a public figure unable to avoid attention at the age of 16 according to 'The Guardian', has been commended by Kevin Federline for responsibly handling her situation as reported by 'The Independent - Life and Style', and also claimed to have been forced to take lithium against her will as per another article from 'The Independent - Life and Style'?",Britney Spears,inference_query,https://www.independent.co.uk/life-style/justin-timberlake-sam-asghari-britney-spears-b2431507.html; https://www.independent.co.uk/life-style/britney-spears-kevin-federline-relationship-timeline-b2143493.html; https://www.theguardian.com/music/2023/oct/24/britney-spears-memoir-most-shocking-woman-in-me
"Which public figure, recognized by Time as Person of the Year and linked romantically to Travis Kelce, has the capacity to undergo significant events privately and was also spotted supporting at an NFL venue, as reported by 'The Independent - Life and Style', 'The Age', and 'BBC News - Entertainment & Arts'?",Taylor Swift,inference_query,https://www.theage.com.au/culture/music/when-pop-culture-and-sport-collide-a-timeline-of-taylor-swift-s-nfl-takeover-20230926-p5e7lu.html?ref=rss&utm_medium=rss&utm_source=rss_culture; https://www.bbc.co.uk/news/entertainment-arts-66910595?at_medium=RSS&at_campaign=KARANGA; https://www.independent.co.uk/life-style/taylor-swift-travis-kelce-relationship-b2459441.html; https://www.independent.co.uk/life-style/taylor-swift-time-person-of-the-year-b2459419.html
"Who is the athlete that contributed to his team's Super Bowl victories in both 2020 and 2023, was present at one of Taylor Swift's concerts in Buenos Aires in November, and was anticipated to end his four-game scoring drought in a Christmas Day game against the Raiders according to articles from 'The Age,' 'The Independent - Life and Style,' and 'Yardbarker'?",Travis Kelce,inference_query,https://www.theage.com.au/culture/music/when-pop-culture-and-sport-collide-a-timeline-of-taylor-swift-s-nfl-takeover-20230926-p5e7lu.html?ref=rss&utm_medium=rss&utm_source=rss_culture; https://www.independent.co.uk/life-style/taylor-swift-travis-kelce-relationship-b2459441.html; https://www.yardbarker.com/nfl/articles/christmas_day_preview_49ers_ravens_square_off_in_potential_super_bowl_sneak_peek/s1_13132_39720250
"Which celebrity, known for experiencing significant events away from media scrutiny, was recognized by 'The Independent - Life and Style' as Time's Person of the Year, has been rumored to be romantically linked with a Chiefs TE according to 'CBSSports.com', and was also spotted supporting at Arrowhead Stadium as reported by 'The Age'?",Taylor Swift,inference_query,https://www.theage.com.au/culture/music/when-pop-culture-and-sport-collide-a-timeline-of-taylor-swift-s-nfl-takeover-20230926-p5e7lu.html?ref=rss&utm_medium=rss&utm_source=rss_culture; https://www.cbssports.com/nfl/news/taylor-swift-travis-kelce-timeline-everything-to-know-about-rumored-romance-between-pop-star-chiefs-te/; https://www.bbc.co.uk/news/entertainment-arts-66910595?at_medium=RSS&at_campaign=KARANGA; https://www.independent.co.uk/life-style/taylor-swift-time-person-of-the-year-b2459419.html
"Which pop star, who is open about her relationship with a Chiefs TE and is unaffected by paparazzi attention, has a busy schedule with the Eras Tour and received a friendship bracelet with his number from her partner, as reported by 'The Independent - Life and Style' and 'CBSSports.com'?",Taylor Swift,inference_query,https://www.independent.co.uk/life-style/travis-kelce-taylor-swift-children-b2438558.html; https://www.cbssports.com/nfl/news/taylor-swift-travis-kelce-timeline-everything-to-know-about-rumored-romance-between-pop-star-chiefs-te/; https://www.independent.co.uk/life-style/taylor-swift-travis-kelce-relationship-b2459441.html; https://www.independent.co.uk/life-style/taylor-swift-time-person-of-the-year-b2459419.html
"Which company, known for its dominance in the e-reader space and providing life-changing opportunities for sellers, has implemented invite-only deals during its Prime Day event and carried over these exclusive offers to subsequent sales events covered by Mashable, Wired, The Verge, and CNBC?",Amazon,inference_query,https://mashable.com/article/cyber-monday-deals-amazon-2023; https://www.wired.com/story/best-october-prime-day-deals-2023-5/; https://www.theverge.com/21539047/best-amazon-kindle-deals; https://www.cnbc.com/2023/10/06/amazon-sellers-sound-off-on-the-ftcs-long-overdue-antitrust-case.html
"Which pop star, recently named Time's Person of the Year by 'The Independent - Life and Style', has been the subject of rumors involving a friendship bracelet from a Chiefs TE, as reported by both 'The Age' and 'CBSSports.com', and has openly discussed her approach to dealing with paparazzi attention?",Taylor Swift,inference_query,https://www.theage.com.au/culture/music/when-pop-culture-and-sport-collide-a-timeline-of-taylor-swift-s-nfl-takeover-20230926-p5e7lu.html?ref=rss&utm_medium=rss&utm_source=rss_culture; https://www.cbssports.com/nfl/news/taylor-swift-travis-kelce-timeline-everything-to-know-about-rumored-romance-between-pop-star-chiefs-te/; https://www.independent.co.uk/life-style/taylor-swift-travis-kelce-relationship-b2459441.html; https://www.independent.co.uk/life-style/taylor-swift-time-person-of-the-year-b2459419.html
